Category,Tool,Accuracy,Speed,Energy Efficiency,Carbon Footprint,Waste Reduction,Energy Consumption,Resource Efficiency,Water Usage,Lifetime Durability
Machine Learning Optimization,Google Cloud AutoML,9.56,8.45,7.32,6.18,8.47,7.23,8.29,5.12,9.67
Machine Learning Optimization,H2O.ai,8.75,8.14,6.45,6.22,7.12,6.34,7.11,5.03,8.25
Machine Learning Optimization,DataRobot,9.42,8.19,7.12,6.01,8.54,7.11,8.26,5.12,9.45
Machine Learning Optimization,Optuna,8.81,7.39,8.12,7.13,8.34,7.08,8.22,5.06,8.21
Machine Learning Optimization,Hyperopt,7.62,6.21,7.06,6.13,7.29,6.34,7.19,5.01,7.22
Machine Learning Optimization,XGBoost,9.47,9.35,8.24,7.18,8.39,7.02,9.16,5.04,9.53
Machine Learning Optimization,ONNX,8.34,9.18,9.12,7.26,8.21,8.17,9.07,5.03,9.56
Machine Learning Optimization,TensorFlow Lite,8.25,9.12,9.14,8.32,8.23,9.06,9.22,5.05,9.61
Machine Learning Optimization,Horovod,8.53,9.21,6.48,6.12,7.13,6.29,8.12,5.04,8.32
Machine Learning Optimization,Machine Learning Optimization_Tool_10,6.47,7.1,6.13,4.87,3.4,4.87,6.13,2.25,9.25
Machine Learning Optimization,Machine Learning Optimization_Tool_11,9.39,6.84,5.75,5.25,8.31,5.25,5.75,2.12,7.93
Machine Learning Optimization,Machine Learning Optimization_Tool_12,8.42,10,5.85,5.15,6.51,5.15,5.85,2.06,7.72
Machine Learning Optimization,Machine Learning Optimization_Tool_13,8.45,7,6.12,4.88,8.31,4.88,6.12,1.64,8.29
Machine Learning Optimization,Machine Learning Optimization_Tool_14,8.67,7.97,5.81,5.19,7.48,5.19,5.81,1.87,8.39
Machine Learning Optimization,Machine Learning Optimization_Tool_15,6.87,7.34,5.86,5.14,9.43,5.14,5.86,2.72,7.19
Machine Learning Optimization,Machine Learning Optimization_Tool_16,6.75,5,6.04,4.96,3.94,4.96,6.04,1.67,8.05
Machine Learning Optimization,Machine Learning Optimization_Tool_17,8.67,7.59,6.17,4.83,5.41,4.83,6.17,2.17,8.49
Machine Learning Optimization,Machine Learning Optimization_Tool_18,8.55,9.67,6.13,4.87,8.07,4.87,6.13,2.44,8.54
Machine Learning Optimization,Machine Learning Optimization_Tool_19,7.53,10,6.15,4.85,3.1,4.85,6.15,2.01,8.25
Machine Learning Optimization,Machine Learning Optimization_Tool_20,7.48,5.67,6.48,4.52,7.28,4.52,6.48,2.17,8.52
Machine Learning Optimization,Machine Learning Optimization_Tool_21,7.13,5,6.04,4.96,9.46,4.96,6.04,2.04,8.65
Machine Learning Optimization,Machine Learning Optimization_Tool_22,7.35,8.48,6.05,4.95,7.43,4.95,6.05,2.25,8.57
Machine Learning Optimization,Machine Learning Optimization_Tool_23,9.66,8.58,5.72,5.28,7.42,5.28,5.72,1.71,9.41
Machine Learning Optimization,Machine Learning Optimization_Tool_24,6.87,8.67,6.22,4.78,6.15,4.78,6.22,2.24,8.91
Machine Learning Optimization,Machine Learning Optimization_Tool_25,5.01,7.03,5.67,5.33,6.43,5.33,5.67,2.17,8.86
Machine Learning Optimization,Machine Learning Optimization_Tool_26,7.68,8.68,6.02,4.98,6.45,4.98,6.02,2.34,7.97
Machine Learning Optimization,Machine Learning Optimization_Tool_27,7.24,6.71,6.28,4.72,9.5,4.72,6.28,2.47,7.24
Machine Learning Optimization,Machine Learning Optimization_Tool_28,9.37,7.2,6.42,4.58,7.17,4.58,6.42,2.1,8.89
Machine Learning Optimization,Machine Learning Optimization_Tool_29,7.28,9.45,5.96,5.04,7.72,5.04,5.96,2.69,7.99
Machine Learning Optimization,Machine Learning Optimization_Tool_30,7.96,6.64,6.09,4.91,3.7,4.91,6.09,1.68,8.59
Energy-Efficient NLP,DistilBERT,9.2,8.5,9.5,7.8,8.4,8.9,9,5,9.2
Energy-Efficient NLP,ALBERT,9.1,8.4,9.2,7.5,8.2,8.6,8.8,5,9.3
Energy-Efficient NLP,TinyBERT,8.7,8,9.3,7.2,8.1,8.8,9.1,5,8.9
Energy-Efficient NLP,Reformer,9,8.3,9.4,7.6,8,8.7,9.2,5,9
Energy-Efficient NLP,Longformer,9.3,8.7,9.1,7.4,8.5,8.9,9.1,5,9.1
Energy-Efficient NLP,BART,9.4,8.8,8.5,7.7,8.3,8.6,8.9,5,9
Energy-Efficient NLP,Energy-Efficient NLP_Tool_7,5.98,7.55,6.78,4.22,4.68,4.22,6.78,1.75,9.57
Energy-Efficient NLP,Energy-Efficient NLP_Tool_8,8.5,6.44,5.99,5.01,9.11,5.01,5.99,2.39,10
Energy-Efficient NLP,Energy-Efficient NLP_Tool_9,5.07,6.79,5.84,5.16,8.7,5.16,5.84,1.44,7.93
Energy-Efficient NLP,Energy-Efficient NLP_Tool_10,8.18,7.64,5.82,5.18,6.03,5.18,5.82,1.9,9.56
Energy-Efficient NLP,Energy-Efficient NLP_Tool_11,6.76,6.05,6.34,4.66,7.82,4.66,6.34,2.7,8.22
Energy-Efficient NLP,Energy-Efficient NLP_Tool_12,6.94,7.79,6.07,4.93,9.95,4.93,6.07,2.73,9.85
Energy-Efficient NLP,Energy-Efficient NLP_Tool_13,6.19,7.66,5.79,5.21,8.49,5.21,5.79,1.81,9.23
Energy-Efficient NLP,Energy-Efficient NLP_Tool_14,6.91,8.82,6.04,4.96,7.39,4.96,6.04,1.86,7
Energy-Efficient NLP,Energy-Efficient NLP_Tool_15,8.74,9.58,6.23,4.77,8.21,4.77,6.23,2.09,8.57
Energy-Efficient NLP,Energy-Efficient NLP_Tool_16,8.02,6.39,6.59,4.41,3.4,4.41,6.59,1.86,7.33
Energy-Efficient NLP,Energy-Efficient NLP_Tool_17,7.51,6.22,5.73,5.27,4.03,5.27,5.73,1.88,9.01
Energy-Efficient NLP,Energy-Efficient NLP_Tool_18,6.52,8.51,6.23,4.77,3.33,4.77,6.23,2.55,9.44
Energy-Efficient NLP,Energy-Efficient NLP_Tool_19,7.41,7.94,5.82,5.18,7,5.18,5.82,2.04,7.71
Energy-Efficient NLP,Energy-Efficient NLP_Tool_20,7.17,10,6.02,4.98,9.51,4.98,6.02,1.73,8.24
Energy-Efficient NLP,Energy-Efficient NLP_Tool_21,7.93,6.7,6.46,4.54,3.82,4.54,6.46,2.12,10
Energy-Efficient NLP,Energy-Efficient NLP_Tool_22,8.22,8.14,5.83,5.17,4.22,5.17,5.83,1.73,8.41
Energy-Efficient NLP,Energy-Efficient NLP_Tool_23,6.55,6.15,5.8,5.2,8.68,5.2,5.8,2.04,8.98
Energy-Efficient NLP,Energy-Efficient NLP_Tool_24,7.62,6.91,6.87,4.13,4.72,4.13,6.87,2.36,8.18
Energy-Efficient NLP,Energy-Efficient NLP_Tool_25,5.71,7.95,5.6,5.4,4.1,5.4,5.6,2.02,10
Energy-Efficient NLP,Energy-Efficient NLP_Tool_26,7.81,9.37,6.18,4.82,5.87,4.82,6.18,2.44,9.11
Energy-Efficient NLP,Energy-Efficient NLP_Tool_27,8.68,7.98,6.04,4.96,4.83,4.96,6.04,2.2,10
Energy-Efficient NLP,Energy-Efficient NLP_Tool_28,6.98,5.17,6.01,4.99,5.68,4.99,6.01,2.46,8.48
Energy-Efficient NLP,Energy-Efficient NLP_Tool_29,5.67,6.68,6.15,4.85,8.96,4.85,6.15,2.25,8.91
Energy-Efficient NLP,Energy-Efficient NLP_Tool_30,6.84,8.91,6.15,4.85,6.45,4.85,6.15,2.46,8.69
Green Computer Vision,EfficientDet,9.2,8.6,9.5,7.5,8.2,9,9.1,5,9.2
Green Computer Vision,YOLOv4,9.4,9,9.2,7.7,8.3,8.9,8.8,5,9
Green Computer Vision,MobileNetV2,8.8,8.2,9.4,7.3,8,9.1,9,5,9.1
Green Computer Vision,SqueezeNet,8.7,8.1,9.3,7.2,8,9,8.9,5,8.9
Green Computer Vision,ShuffleNet,8.6,8,9.5,7.1,8.1,8.8,8.7,5,9
Green Computer Vision,EfficientNet,9.3,8.8,9.4,7.6,8.4,9.1,9,5,9.3
Green Computer Vision,Green Computer Vision_Tool_7,7.09,5.76,5.74,5.26,3.56,5.26,5.74,1.91,10
Green Computer Vision,Green Computer Vision_Tool_8,7.48,7.63,5.94,5.06,7.65,5.06,5.94,1.71,8.45
Green Computer Vision,Green Computer Vision_Tool_9,8.01,6.63,5.91,5.09,3.33,5.09,5.91,1.9,8.09
Green Computer Vision,Green Computer Vision_Tool_10,5.97,6.79,6.18,4.82,4.41,4.82,6.18,2.3,9.12
Green Computer Vision,Green Computer Vision_Tool_11,8.58,6.91,5.89,5.11,7.29,5.11,5.89,2.01,7.85
Green Computer Vision,Green Computer Vision_Tool_12,7.31,8.19,5.67,5.33,6.38,5.33,5.67,2.07,8.54
Green Computer Vision,Green Computer Vision_Tool_13,9.21,8.14,5.87,5.13,3.79,5.13,5.87,1.52,9.44
Green Computer Vision,Green Computer Vision_Tool_14,5,9.3,6.81,4.19,6.12,4.19,6.81,2.15,8.72
Green Computer Vision,Green Computer Vision_Tool_15,5.86,6.46,6.13,4.87,6.44,4.87,6.13,2.03,9.08
Green Computer Vision,Green Computer Vision_Tool_16,8.23,7.55,6.4,4.6,7.67,4.6,6.4,2.27,7.2
Green Computer Vision,Green Computer Vision_Tool_17,7.05,6.56,6,5,8.2,5,6,1.81,8.65
Green Computer Vision,Green Computer Vision_Tool_18,7.99,5.91,6.07,4.93,7.7,4.93,6.07,2.02,9.18
Green Computer Vision,Green Computer Vision_Tool_19,8.21,8.42,6.55,4.45,7.82,4.45,6.55,2.28,8.68
Green Computer Vision,Green Computer Vision_Tool_20,9.77,8.48,5.83,5.17,7.41,5.17,5.83,2.2,8.36
Green Computer Vision,Green Computer Vision_Tool_21,8.21,8.58,5.93,5.07,9.42,5.07,5.93,1.91,9.09
Green Computer Vision,Green Computer Vision_Tool_22,9.11,5,5.81,5.19,4.05,5.19,5.81,2.05,7.98
Green Computer Vision,Green Computer Vision_Tool_23,7.75,6.48,5.88,5.12,4.03,5.12,5.88,1.83,7.21
Green Computer Vision,Green Computer Vision_Tool_24,6.28,8.76,5.99,5.01,3.25,5.01,5.99,1.69,8.47
Green Computer Vision,Green Computer Vision_Tool_25,8.38,7.36,5.94,5.06,3.53,5.06,5.94,2.34,8.58
Green Computer Vision,Green Computer Vision_Tool_26,5,5.46,6.37,4.63,6.3,4.63,6.37,1.82,8.48
Green Computer Vision,Green Computer Vision_Tool_27,6.58,6.06,5.69,5.31,8.69,5.31,5.69,2.08,8.12
Green Computer Vision,Green Computer Vision_Tool_28,9.9,7.81,6.54,4.46,7.39,4.46,6.54,2.29,8.16
Green Computer Vision,Green Computer Vision_Tool_29,6.98,7.54,6.09,4.91,3.32,4.91,6.09,2.33,8.82
Green Computer Vision,Green Computer Vision_Tool_30,9.62,7.81,6.22,4.78,5.84,4.78,6.22,2.49,9.61
Sustainable Edge Computing,TensorFlow Lite,8.4,9.2,9.7,8.1,9,9.4,9.3,5,9.4
Sustainable Edge Computing,Edge Impulse,8.6,8.8,9.5,7.9,8.5,9.2,9,5,9.2
Sustainable Edge Computing,OpenVINO,8.8,8.7,9.4,7.8,8.3,9.1,8.9,5,9
Sustainable Edge Computing,NVIDIA Jetson,9.2,9.1,9.2,7.7,8.6,8.9,9.2,5,9.3
Sustainable Edge Computing,Qualcomm AI Engine,8.7,8.5,9.3,7.6,8.4,9,8.8,5,9.1
Sustainable Edge Computing,Coral Edge TPU,8.9,9,9.6,7.5,8.7,9.2,9,5,9.2
Sustainable Edge Computing,Sustainable Edge Computing_Tool_7,9.24,8.51,6.13,4.87,6.25,4.87,6.13,1.59,8.25
Sustainable Edge Computing,Sustainable Edge Computing_Tool_8,8.1,7.26,5.73,5.27,8.53,5.27,5.73,2.14,8.29
Sustainable Edge Computing,Sustainable Edge Computing_Tool_9,7.13,7.35,5.96,5.04,6.16,5.04,5.96,1.86,8.81
Sustainable Edge Computing,Sustainable Edge Computing_Tool_10,6.18,8.63,6.11,4.89,8.05,4.89,6.11,1.65,7.31
Sustainable Edge Computing,Sustainable Edge Computing_Tool_11,7.6,9.05,5.89,5.11,9.32,5.11,5.89,1.76,7.66
Sustainable Edge Computing,Sustainable Edge Computing_Tool_12,7.35,5,5.57,5.43,6.48,5.43,5.57,2.32,8.8
Sustainable Edge Computing,Sustainable Edge Computing_Tool_13,5.47,6.56,5.62,5.38,5.02,5.38,5.62,2.87,7.71
Sustainable Edge Computing,Sustainable Edge Computing_Tool_14,8.63,9.33,5.58,5.42,8.62,5.42,5.58,2.11,9.39
Sustainable Edge Computing,Sustainable Edge Computing_Tool_15,6.04,8.85,6.06,4.94,6.21,4.94,6.06,1.63,7.9
Sustainable Edge Computing,Sustainable Edge Computing_Tool_16,6.25,5,5.7,5.3,7.35,5.3,5.7,1.46,8.83
Sustainable Edge Computing,Sustainable Edge Computing_Tool_17,6.53,5.66,6.09,4.91,6.86,4.91,6.09,1.99,9.33
Sustainable Edge Computing,Sustainable Edge Computing_Tool_18,6.92,7.69,6.39,4.61,7.78,4.61,6.39,1.81,7.17
Sustainable Edge Computing,Sustainable Edge Computing_Tool_19,10,6.11,5.99,5.01,6.32,5.01,5.99,2.24,8.1
Sustainable Edge Computing,Sustainable Edge Computing_Tool_20,5.21,8.51,5.65,5.35,5,5.35,5.65,1.76,8.45
Sustainable Edge Computing,Sustainable Edge Computing_Tool_21,5.51,7.64,6.3,4.7,7.32,4.7,6.3,1.75,8.79
Sustainable Edge Computing,Sustainable Edge Computing_Tool_22,7.03,5.78,6.35,4.65,4.02,4.65,6.35,1.78,7.99
Sustainable Edge Computing,Sustainable Edge Computing_Tool_23,7.27,7.63,5.71,5.29,6.26,5.29,5.71,1.88,8.01
Sustainable Edge Computing,Sustainable Edge Computing_Tool_24,9.06,5.95,5.71,5.29,7.21,5.29,5.71,2.2,8.99
Sustainable Edge Computing,Sustainable Edge Computing_Tool_25,8.26,6.83,6.14,4.86,9.56,4.86,6.14,1.52,8.64
Sustainable Edge Computing,Sustainable Edge Computing_Tool_26,10,8.35,6.03,4.97,9.12,4.97,6.03,2.13,9.32
Sustainable Edge Computing,Sustainable Edge Computing_Tool_27,7.22,6.54,6.22,4.78,9.87,4.78,6.22,1.82,8.57
Sustainable Edge Computing,Sustainable Edge Computing_Tool_28,5,6.52,6.63,4.37,8.58,4.37,6.63,1.74,8.49
Sustainable Edge Computing,Sustainable Edge Computing_Tool_29,10,5.31,5.89,5.11,5.19,5.11,5.89,2.58,7.95
Sustainable Edge Computing,Sustainable Edge Computing_Tool_30,6.99,7.5,5.56,5.44,7.04,5.44,5.56,1.93,8.4
Resource-Optimized Deep Learning,Resource-Optimized Deep Learning_Tool_1,7.32,7.54,6.39,4.61,9.03,4.61,6.39,2.08,10
Resource-Optimized Deep Learning,DistilBERT,9,8.7,9.5,8.2,9.1,9.3,9.4,5,9.4
Resource-Optimized Deep Learning,MobileNetV2,8.8,9,9.7,7.9,9,9.4,9.3,5,9.3
Resource-Optimized Deep Learning,EfficientNet,9.2,8.9,9.6,7.8,9.2,9.5,9.4,5,9.5
Resource-Optimized Deep Learning,TinyBERT,8.6,8.8,9.6,7.7,8.9,9.2,9.3,5,9.2
Resource-Optimized Deep Learning,SqueezeNet,8.4,8.5,9.3,7.6,8.8,9,9.2,5,9.1
Resource-Optimized Deep Learning,Pruning (TensorFlow),9,8.7,9.4,7.8,9.1,9.2,9.5,5,9.3
Resource-Optimized Deep Learning,Resource-Optimized Deep Learning_Tool_8,6.1,7.32,5.71,5.29,3.21,5.29,5.71,1.6,8.44
Resource-Optimized Deep Learning,Resource-Optimized Deep Learning_Tool_9,6.13,9.07,6.19,4.81,7.43,4.81,6.19,1.69,9.33
Resource-Optimized Deep Learning,Resource-Optimized Deep Learning_Tool_10,7.76,8.17,5.82,5.18,7.45,5.18,5.82,2.2,8.98
Resource-Optimized Deep Learning,Resource-Optimized Deep Learning_Tool_11,7.67,6.61,6.7,4.3,8.37,4.3,6.7,1.95,9.26
Resource-Optimized Deep Learning,Resource-Optimized Deep Learning_Tool_12,6.64,8.92,5.98,5.02,9.44,5.02,5.98,2.45,8.34
Resource-Optimized Deep Learning,Resource-Optimized Deep Learning_Tool_13,10,7.31,6.24,4.76,9.14,4.76,6.24,1.74,8.67
Resource-Optimized Deep Learning,Resource-Optimized Deep Learning_Tool_14,7.15,6.71,6.37,4.63,5.71,4.63,6.37,2.19,8.66
Resource-Optimized Deep Learning,Resource-Optimized Deep Learning_Tool_15,9.28,9.99,5.69,5.31,8.92,5.31,5.69,1.94,8.38
Resource-Optimized Deep Learning,Resource-Optimized Deep Learning_Tool_16,6.87,5.93,5.87,5.13,6.28,5.13,5.87,2.65,9.12
Resource-Optimized Deep Learning,Resource-Optimized Deep Learning_Tool_17,8.87,8.05,5.93,5.07,6.02,5.07,5.93,1.87,8.27
Resource-Optimized Deep Learning,Resource-Optimized Deep Learning_Tool_18,5,9.57,5.85,5.15,6.17,5.15,5.85,1.95,9.98
Resource-Optimized Deep Learning,Resource-Optimized Deep Learning_Tool_19,7.24,8.51,6.23,4.77,9.74,4.77,6.23,2.7,9.25
Resource-Optimized Deep Learning,Resource-Optimized Deep Learning_Tool_20,7.76,6.28,6.38,4.62,3.69,4.62,6.38,2.27,8.47
Resource-Optimized Deep Learning,Resource-Optimized Deep Learning_Tool_21,7.38,6.55,5.9,5.1,8.05,5.1,5.9,2.66,8.21
Resource-Optimized Deep Learning,Resource-Optimized Deep Learning_Tool_22,6.48,7.34,5.58,5.42,3.91,5.42,5.58,2.24,10
Resource-Optimized Deep Learning,Resource-Optimized Deep Learning_Tool_23,5.36,8.36,6.1,4.9,6.62,4.9,6.1,2.01,9.19
Resource-Optimized Deep Learning,Resource-Optimized Deep Learning_Tool_24,7.93,6.49,5.72,5.28,5.49,5.28,5.72,2.27,8.63
Resource-Optimized Deep Learning,Resource-Optimized Deep Learning_Tool_25,9.03,7.24,5.97,5.03,8.71,5.03,5.97,2.16,8.5
Resource-Optimized Deep Learning,Resource-Optimized Deep Learning_Tool_26,8.57,7.77,6.09,4.91,4.97,4.91,6.09,1.67,7.75
Resource-Optimized Deep Learning,Resource-Optimized Deep Learning_Tool_27,7.87,10,6.31,4.69,4.17,4.69,6.31,1.71,8.6
Resource-Optimized Deep Learning,Resource-Optimized Deep Learning_Tool_28,8.06,7.71,5.94,5.06,3.22,5.06,5.94,1.84,9.5
Resource-Optimized Deep Learning,Resource-Optimized Deep Learning_Tool_29,8.89,7.59,5.79,5.21,5.82,5.21,5.79,1.97,9.65
Resource-Optimized Deep Learning,Resource-Optimized Deep Learning_Tool_30,7.98,8.36,7.26,3.74,8.94,3.74,7.26,2.02,8.75
Eco-Friendly Data Processing,Apache Spark,9.1,9,8.6,7.5,8.9,8.8,9,5,9.1
Eco-Friendly Data Processing,Dask,8.8,8.9,8.5,7.4,8.7,8.6,8.9,5,9
Eco-Friendly Data Processing,Vaex,9,9.2,9.3,7.8,9.1,9.2,9.4,5,9.2
Eco-Friendly Data Processing,Modin,8.9,9.1,9.2,7.7,8.8,9.1,9.3,5,9.1
Eco-Friendly Data Processing,Ray,8.7,8.8,8.9,7.6,8.7,8.8,9.1,5,9
Eco-Friendly Data Processing,H2O.ai (Driverless AI),9,8.9,8.8,7.9,8.8,8.9,9,5,9.2
Eco-Friendly Data Processing,Eco-Friendly Data Processing_Tool_7,7.38,6.51,5.6,5.4,8.99,5.4,5.6,1.83,8.25
Eco-Friendly Data Processing,Eco-Friendly Data Processing_Tool_8,7.9,9.08,6.3,4.7,5.14,4.7,6.3,1.96,7.87
Eco-Friendly Data Processing,Eco-Friendly Data Processing_Tool_9,8.39,6.18,6.7,4.3,4.81,4.3,6.7,2.42,8.78
Eco-Friendly Data Processing,Eco-Friendly Data Processing_Tool_10,6.89,6.97,5.69,5.31,9.09,5.31,5.69,1.73,9.57
Eco-Friendly Data Processing,Eco-Friendly Data Processing_Tool_11,6.61,6.45,5.93,5.07,9.69,5.07,5.93,2.21,8.27
Eco-Friendly Data Processing,Eco-Friendly Data Processing_Tool_12,8.95,8.18,6.12,4.88,4.62,4.88,6.12,2.5,8.24
Eco-Friendly Data Processing,Eco-Friendly Data Processing_Tool_13,8.5,7.21,6.07,4.93,6.36,4.93,6.07,2.13,8.09
Eco-Friendly Data Processing,Eco-Friendly Data Processing_Tool_14,5.57,7.56,5.73,5.27,4.04,5.27,5.73,2.38,8.7
Eco-Friendly Data Processing,Eco-Friendly Data Processing_Tool_15,7.35,7.61,5.83,5.17,4.87,5.17,5.83,1.78,8.65
Eco-Friendly Data Processing,Eco-Friendly Data Processing_Tool_16,7.26,6.89,6.52,4.48,6.22,4.48,6.52,2.16,8.96
Eco-Friendly Data Processing,Eco-Friendly Data Processing_Tool_17,6.83,6.44,5.96,5.04,9.09,5.04,5.96,1.92,8.37
Eco-Friendly Data Processing,Eco-Friendly Data Processing_Tool_18,7.45,6.31,6.07,4.93,3.43,4.93,6.07,1.73,9.6
Eco-Friendly Data Processing,Eco-Friendly Data Processing_Tool_19,8.69,7.07,5.67,5.33,4.35,5.33,5.67,1.99,7.51
Eco-Friendly Data Processing,Eco-Friendly Data Processing_Tool_20,8.29,7.63,5.62,5.38,7.57,5.38,5.62,1.94,7.57
Eco-Friendly Data Processing,Eco-Friendly Data Processing_Tool_21,8.15,8.4,6.94,4.06,7.24,4.06,6.94,2.47,9.33
Eco-Friendly Data Processing,Eco-Friendly Data Processing_Tool_22,6.93,6.59,6.17,4.83,6.76,4.83,6.17,2.13,8.44
Eco-Friendly Data Processing,Eco-Friendly Data Processing_Tool_23,6.79,7.25,6.55,4.45,9.65,4.45,6.55,2.79,8.52
Eco-Friendly Data Processing,Eco-Friendly Data Processing_Tool_24,6.49,7.76,5.78,5.22,5.92,5.22,5.78,2.13,7.65
Eco-Friendly Data Processing,Eco-Friendly Data Processing_Tool_25,8.3,9.75,6.48,4.52,3.25,4.52,6.48,1.71,8.3
Eco-Friendly Data Processing,Eco-Friendly Data Processing_Tool_26,7.29,7.28,5.79,5.21,5.59,5.21,5.79,1.64,8.04
Eco-Friendly Data Processing,Eco-Friendly Data Processing_Tool_27,7.48,7.94,6.03,4.97,7.94,4.97,6.03,2.71,7.55
Eco-Friendly Data Processing,Eco-Friendly Data Processing_Tool_28,6.38,6.55,6.72,4.28,7.26,4.28,6.72,1.71,8.16
Eco-Friendly Data Processing,Eco-Friendly Data Processing_Tool_29,6.92,6.84,6.44,4.56,6.03,4.56,6.44,2.33,8.06
Eco-Friendly Data Processing,Eco-Friendly Data Processing_Tool_30,6.02,5.2,6.49,4.51,7.1,4.51,6.49,2.47,8.6
Smart Grid AI,AutoGrid,9.2,8.7,9,8.1,9,8.8,9.1,5,9
Smart Grid AI,Grid4C,9,8.8,8.8,7.9,8.9,8.7,8.9,5,9.2
Smart Grid AI,Uplight,8.9,8.6,8.7,7.8,8.8,8.5,8.8,5,9.1
Smart Grid AI,Nuvve,9.1,8.9,9,7.8,8.7,8.9,9,5,9
Smart Grid AI,Sense,8.8,8.7,8.9,7.6,8.7,8.6,8.9,5,9.1
Smart Grid AI,Enel X,9,8.8,8.9,7.9,9,8.8,9.1,5,9.2
Smart Grid AI,Smart Grid AI_Tool_7,7.37,8.01,5.66,5.34,7.95,5.34,5.66,2.11,7.83
Smart Grid AI,Smart Grid AI_Tool_8,8.67,7.58,6.33,4.67,5.24,4.67,6.33,2.26,9.67
Smart Grid AI,Smart Grid AI_Tool_9,9.06,7.97,6.4,4.6,9.39,4.6,6.4,2.04,8.75
Smart Grid AI,Smart Grid AI_Tool_10,8.43,8.39,6.15,4.85,6.45,4.85,6.15,1.71,9.98
Smart Grid AI,Smart Grid AI_Tool_11,8.69,9.68,5.79,5.21,8.96,5.21,5.79,1.75,9.24
Smart Grid AI,Smart Grid AI_Tool_12,9.83,8.5,5.76,5.24,5.71,5.24,5.76,2.34,9.5
Smart Grid AI,Smart Grid AI_Tool_13,5.93,7.71,5.75,5.25,8.47,5.25,5.75,1.96,8.68
Smart Grid AI,Smart Grid AI_Tool_14,8.7,6.15,5.85,5.15,5.13,5.15,5.85,2.13,8.29
Smart Grid AI,Smart Grid AI_Tool_15,9.18,5.53,5.88,5.12,9.19,5.12,5.88,1.71,8.24
Smart Grid AI,Smart Grid AI_Tool_16,6.04,7.75,5.87,5.13,3.42,5.13,5.87,1.93,7.9
Smart Grid AI,Smart Grid AI_Tool_17,7.06,6.54,5.89,5.11,8.47,5.11,5.89,2.05,7.53
Smart Grid AI,Smart Grid AI_Tool_18,8.32,6.27,6.14,4.86,5.53,4.86,6.14,1.88,8
Smart Grid AI,Smart Grid AI_Tool_19,7.73,9.06,6.31,4.69,3.46,4.69,6.31,2.21,8.42
Smart Grid AI,Smart Grid AI_Tool_20,7.26,9.21,5.7,5.3,5.59,5.3,5.7,1.8,8.03
Smart Grid AI,Smart Grid AI_Tool_21,6.71,7.31,6.6,4.4,8.8,4.4,6.6,1.77,7.33
Smart Grid AI,Smart Grid AI_Tool_22,7.35,8.47,5.81,5.19,3.6,5.19,5.81,2.05,8.83
Smart Grid AI,Smart Grid AI_Tool_23,6.32,6.71,5.85,5.15,9.76,5.15,5.85,2.29,8.6
Smart Grid AI,Smart Grid AI_Tool_24,7.53,6.6,5.62,5.38,6.43,5.38,5.62,2.66,8.83
Smart Grid AI,Smart Grid AI_Tool_25,8.17,9.43,5.83,5.17,9.1,5.17,5.83,1.75,8.19
Smart Grid AI,Smart Grid AI_Tool_26,7.27,8.95,5.64,5.36,5.36,5.36,5.64,2.08,7.97
Smart Grid AI,Smart Grid AI_Tool_27,6.71,8.22,5.85,5.15,4.46,5.15,5.85,1.76,8.28
Smart Grid AI,Smart Grid AI_Tool_28,7.11,8.58,5.55,5.45,9.07,5.45,5.55,1.66,7.97
Smart Grid AI,Smart Grid AI_Tool_29,9,7.61,6.03,4.97,7.71,4.97,6.03,2.29,7.99
Smart Grid AI,Smart Grid AI_Tool_30,5.54,7.74,5.57,5.43,6.14,5.43,5.57,2.6,7.66
Waste Management AI,Evreka,9.1,8.6,8.7,7.8,9,8.6,8.9,5,9.2
Waste Management AI,Bigbelly,8.9,8.7,8.8,7.5,9.1,8.5,8.8,5,9
Waste Management AI,CleanRobotics,8.8,8.5,8.7,7.6,8.9,8.4,8.7,5,9
Waste Management AI,ZenRobotics,9,8.8,8.9,7.7,9.2,8.6,9,5,9.2
Waste Management AI,Waste Robotics,9.1,8.9,9,7.8,9.3,8.7,9.1,5,9.1
Waste Management AI,Rubicon,8.8,8.6,8.7,7.5,8.9,8.5,8.8,5,9
Waste Management AI,Waste Management AI_Tool_7,8.71,9.05,5.84,5.16,5.84,5.16,5.84,2.2,9.03
Waste Management AI,Waste Management AI_Tool_8,9.76,6.33,5.96,5.04,6.46,5.04,5.96,1.73,8.31
Waste Management AI,Waste Management AI_Tool_9,7.09,8.51,5.71,5.29,3.35,5.29,5.71,1.98,8.6
Waste Management AI,Waste Management AI_Tool_10,9.53,5.9,6.51,4.49,4.14,4.49,6.51,1.81,8.98
Waste Management AI,Waste Management AI_Tool_11,6.15,6.67,5.8,5.2,4.19,5.2,5.8,2.45,9.13
Waste Management AI,Waste Management AI_Tool_12,6.96,8.55,5.96,5.04,9.78,5.04,5.96,1.8,9.79
Waste Management AI,Waste Management AI_Tool_13,5.82,7.96,5.51,5.49,7.27,5.49,5.51,2.05,8.77
Waste Management AI,Waste Management AI_Tool_14,10,5.74,6.35,4.65,5.1,4.65,6.35,2.26,8.43
Waste Management AI,Waste Management AI_Tool_15,6.37,6.32,5.77,5.23,8.75,5.23,5.77,1.89,7.66
Waste Management AI,Waste Management AI_Tool_16,9.27,5.88,6.25,4.75,4.86,4.75,6.25,2.19,8.65
Waste Management AI,Waste Management AI_Tool_17,7.53,6.16,5.77,5.23,8.72,5.23,5.77,2.44,7.27
Waste Management AI,Waste Management AI_Tool_18,7.6,7.73,5.95,5.05,8.35,5.05,5.95,2.24,9.74
Waste Management AI,Waste Management AI_Tool_19,6.43,6.91,5.95,5.05,4.56,5.05,5.95,2.28,8.59
Waste Management AI,Waste Management AI_Tool_20,8.81,5.24,6.05,4.95,5.23,4.95,6.05,2.23,8.09
Waste Management AI,Waste Management AI_Tool_21,5.18,6.83,6.27,4.73,6.46,4.73,6.27,1.92,7.66
Waste Management AI,Waste Management AI_Tool_22,7.42,7.24,5.91,5.09,9.08,5.09,5.91,1.97,9.71
Waste Management AI,Waste Management AI_Tool_23,9.13,5.22,5.99,5.01,4.69,5.01,5.99,2.1,8.19
Waste Management AI,Waste Management AI_Tool_24,6.77,8.3,5.75,5.25,4.79,5.25,5.75,2.3,8.77
Waste Management AI,Waste Management AI_Tool_25,6.74,8.03,6.32,4.68,6.99,4.68,6.32,1.58,8.39
Waste Management AI,Waste Management AI_Tool_26,8.11,7.48,6.68,4.32,7.67,4.32,6.68,3.18,8.85
Waste Management AI,Waste Management AI_Tool_27,8.52,7.15,5.64,5.36,3.48,5.36,5.64,2.14,9.77
Waste Management AI,Waste Management AI_Tool_28,5.24,7.12,6.04,4.96,3.11,4.96,6.04,2.14,8.35
Waste Management AI,Waste Management AI_Tool_29,6.3,6.8,5.7,5.3,8.04,5.3,5.7,2.23,7.98
Waste Management AI,Waste Management AI_Tool_30,8.04,7.91,6.67,4.33,5.42,4.33,6.67,1.92,8.59
gy AI,DeepMind Energy,9.3,8.7,9,9.5,9.2,8.8,9.1,5,9.4
Renewable Energy AI,Googles Wind Power AI,9.5,9.2,9.4,9.6,9.4,9.2,9.3,5,9.5
Renewable Energy AI,Sense,8.9,8.5,8.8,7.9,9,8.6,8.8,5,9.1
Renewable Energy AI,Uptake Energy,9,8.8,8.9,8.1,9.1,8.7,8.9,5,9.2
Renewable Energy AI,Enel X,9.1,8.9,9,9.3,9.2,8.8,9,5,9.3
Renewable Energy AI,Stem,9.2,8.9,9.1,9.4,9.3,8.9,9.2,5,9.3
Renewable Energy AI,Renewable Energy AI_Tool_7,6.67,7.64,6.18,4.82,4.02,4.82,6.18,1.7,8.79
Renewable Energy AI,Renewable Energy AI_Tool_8,7.07,7.54,5.95,5.05,3.12,5.05,5.95,2.56,7.65
Renewable Energy AI,Renewable Energy AI_Tool_9,6.6,5.79,6.01,4.99,6.33,4.99,6.01,1.74,9.02
Renewable Energy AI,Renewable Energy AI_Tool_10,7.72,5,5.96,5.04,4.27,5.04,5.96,1.6,8.78
Renewable Energy AI,Renewable Energy AI_Tool_11,5.31,7.45,5.95,5.05,9.69,5.05,5.95,2.22,7.88
Renewable Energy AI,Renewable Energy AI_Tool_12,7.42,7,5.99,5.01,7.36,5.01,5.99,2.01,9.42
Renewable Energy AI,Renewable Energy AI_Tool_13,9.05,10,7.63,3.37,7.02,3.37,7.63,2,8.52
Renewable Energy AI,Renewable Energy AI_Tool_14,10,6.94,6.06,4.94,9.91,4.94,6.06,1.76,9.08
Renewable Energy AI,Renewable Energy AI_Tool_15,7.63,7.62,5.83,5.17,5.95,5.17,5.83,1.65,8.8
Renewable Energy AI,Renewable Energy AI_Tool_16,7.85,6.36,6,5,7.4,5,6,2.15,8.2
Renewable Energy AI,Renewable Energy AI_Tool_17,8.53,8.52,5.84,5.16,5.74,5.16,5.84,2.27,8.18
Renewable Energy AI,Renewable Energy AI_Tool_18,6.25,5.62,6,5,7.56,5,6,1.62,9.86
Renewable Energy AI,Renewable Energy AI_Tool_19,6.87,7.93,6.34,4.66,4.85,4.66,6.34,1.71,8.89
Renewable Energy AI,Renewable Energy AI_Tool_20,9.08,7.19,5.93,5.07,5.59,5.07,5.93,2.25,8.74
Renewable Energy AI,Renewable Energy AI_Tool_21,7.34,6.56,5.98,5.02,7.09,5.02,5.98,2.16,7.87
Renewable Energy AI,Renewable Energy AI_Tool_22,7.57,8.43,6.15,4.85,5.84,4.85,6.15,2.19,8.53
Renewable Energy AI,Renewable Energy AI_Tool_23,8.12,5.32,5.87,5.13,5.51,5.13,5.87,1.56,8.41
Renewable Energy AI,Renewable Energy AI_Tool_24,8.91,6.51,6.34,4.66,8.89,4.66,6.34,2.71,9.21
Renewable Energy AI,Renewable Energy AI_Tool_25,7.76,7.22,6.44,4.56,6.24,4.56,6.44,2.15,9.15
Renewable Energy AI,Renewable Energy AI_Tool_26,8.81,7.97,6.14,4.86,9.95,4.86,6.14,1.95,8.93
Renewable Energy AI,Renewable Energy AI_Tool_27,8.38,6.45,6.2,4.8,6,4.8,6.2,1.62,8
Renewable Energy AI,Renewable Energy AI_Tool_28,8.66,7.98,6.12,4.88,8.72,4.88,6.12,2.05,8.18
Renewable Energy AI,Renewable Energy AI_Tool_29,6.9,8.74,5.8,5.2,7.69,5.2,5.8,2.15,9.14
Renewable Energy AI,Renewable Energy AI_Tool_30,8.66,8.05,5.73,5.27,8.84,5.27,5.73,2.23,7.28
Carbon Footprint Analytics,Carbon Footprint Tracker,9.1,8.8,8.7,9.5,9.4,8.5,9.2,5,9.3
Carbon Footprint Analytics,Sustainalytics,9,8.6,8.6,9.4,9.3,8.4,9,5,9.2
Carbon Footprint Analytics,CarbonClear,9.3,8.9,9.1,9.6,9.5,8.8,9.3,5,9.4
Carbon Footprint Analytics,EcoReal,8.9,8.7,8.8,9.3,9.1,8.7,9.1,5,9.2
Carbon Footprint Analytics,Envizi,9,8.5,8.7,9.4,9.2,8.5,9,5,9.1
Carbon Footprint Analytics,Greenstep,9.2,8.8,9,9.5,9.4,8.7,9.2,5,9.3
Carbon Footprint Analytics,Carbon Footprint Analytics_Tool_7,10,5.51,6.08,4.92,5.83,4.92,6.08,1.94,7.72
Carbon Footprint Analytics,Carbon Footprint Analytics_Tool_8,6.85,7.66,6.17,4.83,3.43,4.83,6.17,1.91,8.09
Carbon Footprint Analytics,Carbon Footprint Analytics_Tool_9,7.79,8.93,6.07,4.93,9.39,4.93,6.07,1.88,9.89
Carbon Footprint Analytics,Carbon Footprint Analytics_Tool_10,9.68,7.18,5.77,5.23,9.43,5.23,5.77,2.21,7.87
Carbon Footprint Analytics,Carbon Footprint Analytics_Tool_11,8.08,6.04,6.51,4.49,3.32,4.49,6.51,2.42,9.29
Carbon Footprint Analytics,Carbon Footprint Analytics_Tool_12,6.73,7.88,6.14,4.86,5.28,4.86,6.14,1.86,9.09
Carbon Footprint Analytics,Carbon Footprint Analytics_Tool_13,9.24,6.64,5.91,5.09,5.48,5.09,5.91,1.89,7.12
Carbon Footprint Analytics,Carbon Footprint Analytics_Tool_14,6.93,9.71,6.13,4.87,6.15,4.87,6.13,2.13,9.18
Carbon Footprint Analytics,Carbon Footprint Analytics_Tool_15,5.39,7.66,6.14,4.86,3.32,4.86,6.14,1.89,8.25
Carbon Footprint Analytics,Carbon Footprint Analytics_Tool_16,7.58,5.73,5.64,5.36,8.42,5.36,5.64,2.86,9.99
Carbon Footprint Analytics,Carbon Footprint Analytics_Tool_17,8.67,8.28,5.68,5.32,3.85,5.32,5.68,2.29,7.97
Carbon Footprint Analytics,Carbon Footprint Analytics_Tool_18,5.79,7.74,5.79,5.21,3.47,5.21,5.79,2.34,10
Carbon Footprint Analytics,Carbon Footprint Analytics_Tool_19,8.09,8.4,5.82,5.18,5.95,5.18,5.82,1.75,7.81
Carbon Footprint Analytics,Carbon Footprint Analytics_Tool_20,7.17,6.48,6.46,4.54,6.39,4.54,6.46,1.89,8.46
Carbon Footprint Analytics,Carbon Footprint Analytics_Tool_21,5.26,6.93,5.78,5.22,9.94,5.22,5.78,1.96,8.37
Carbon Footprint Analytics,Carbon Footprint Analytics_Tool_22,8.36,9.01,5.75,5.25,5.22,5.25,5.75,1.82,9.45
Carbon Footprint Analytics,Carbon Footprint Analytics_Tool_23,10,7.62,5.66,5.34,9.5,5.34,5.66,2.38,9.11
Carbon Footprint Analytics,Carbon Footprint Analytics_Tool_24,8,8.1,5.96,5.04,8.63,5.04,5.96,1.64,8.21
Carbon Footprint Analytics,Carbon Footprint Analytics_Tool_25,7.72,8.55,5.72,5.28,5.92,5.28,5.72,1.71,9.82
Carbon Footprint Analytics,Carbon Footprint Analytics_Tool_26,7.12,7.2,5.94,5.06,8.45,5.06,5.94,1.64,8.48
Carbon Footprint Analytics,Carbon Footprint Analytics_Tool_27,7.26,8.25,5.83,5.17,3.95,5.17,5.83,1.88,9.03
Carbon Footprint Analytics,Carbon Footprint Analytics_Tool_28,7.28,5.71,5.69,5.31,7.1,5.31,5.69,1.88,9.06
Carbon Footprint Analytics,Carbon Footprint Analytics_Tool_29,7.27,5.17,6.3,4.7,9.31,4.7,6.3,2.25,8.21
Carbon Footprint Analytics,Carbon Footprint Analytics_Tool_30,8.58,7.4,5.87,5.13,6.49,5.13,5.87,2.09,8.52
Environmental Monitoring,IBM Environmental Intelligence Suite,9.3,8.9,8.7,9.4,9.2,8.6,9.1,5,9.3
Environmental Monitoring,Microsoft Azure AI for Earth,9.2,8.8,8.6,9.3,9.1,8.5,9,5,9.2
Environmental Monitoring,Google Earth Engine,9.4,8.7,8.5,9.5,9.3,8.4,9.2,5,9.4
Environmental Monitoring,Planet Labs,9.3,8.6,8.4,9.3,9.2,8.3,9.1,5,9.3
Environmental Monitoring,Climacell (Tomorrow.io),9,9.2,8.8,9,8.8,8.7,9,5,9.1
Environmental Monitoring,Envirosuite,9.2,8.7,8.6,9.3,9.1,8.5,9.1,5,9.2
Environmental Monitoring,Environmental Monitoring_Tool_7,6.49,8.46,6.26,4.74,5.95,4.74,6.26,2.62,8.09
Environmental Monitoring,Environmental Monitoring_Tool_8,8.26,8.98,5.53,5.47,6.09,5.47,5.53,2.1,8.65
Environmental Monitoring,Environmental Monitoring_Tool_9,6.86,6.97,6.26,4.74,6.37,4.74,6.26,1.68,7.53
Environmental Monitoring,Environmental Monitoring_Tool_10,6.18,5.72,6.35,4.65,4.9,4.65,6.35,2.27,10
Environmental Monitoring,Environmental Monitoring_Tool_11,7.5,7.88,5.93,5.07,4.57,5.07,5.93,1.79,7.89
Environmental Monitoring,Environmental Monitoring_Tool_12,5.93,8.04,6.89,4.11,4.17,4.11,6.89,2.09,7.92
Environmental Monitoring,Environmental Monitoring_Tool_13,6.42,5.95,5.73,5.27,7.23,5.27,5.73,2.07,9.57
Environmental Monitoring,Environmental Monitoring_Tool_14,7.65,6.48,5.81,5.19,6.51,5.19,5.81,2.33,7.93
Environmental Monitoring,Environmental Monitoring_Tool_15,5,7.29,5.9,5.1,6.34,5.1,5.9,2.09,9.08
Environmental Monitoring,Environmental Monitoring_Tool_16,7.57,5.78,5.5,5.5,3.43,5.5,5.5,2.32,9.2
Environmental Monitoring,Environmental Monitoring_Tool_17,8.82,6.8,5.59,5.41,5.01,5.41,5.59,2.18,9.32
Environmental Monitoring,Environmental Monitoring_Tool_18,6.78,7.21,5.59,5.41,3.73,5.41,5.59,2.15,10
Environmental Monitoring,Environmental Monitoring_Tool_19,8.2,6.91,6.09,4.91,9.75,4.91,6.09,2.28,7.48
Environmental Monitoring,Environmental Monitoring_Tool_20,7.03,5.09,6.33,4.67,8.39,4.67,6.33,1.71,8.44
Environmental Monitoring,Environmental Monitoring_Tool_21,7.97,6.77,6.02,4.98,8.78,4.98,6.02,1.63,8.67
Environmental Monitoring,Environmental Monitoring_Tool_22,9.68,5.45,5.77,5.23,6.61,5.23,5.77,2.11,8.29
Environmental Monitoring,Environmental Monitoring_Tool_23,5.91,6.6,6.15,4.85,6.58,4.85,6.15,1.96,7.52
Environmental Monitoring,Environmental Monitoring_Tool_24,7.76,5.99,6,5,4.29,5,6,3.26,7.48
Environmental Monitoring,Environmental Monitoring_Tool_25,8.73,7.13,6.09,4.91,9.53,4.91,6.09,2.28,7.8
Environmental Monitoring,Environmental Monitoring_Tool_26,6.35,7.96,5.9,5.1,4.68,5.1,5.9,2.33,7.91
Environmental Monitoring,Environmental Monitoring_Tool_27,8.19,8.72,6.35,4.65,8.06,4.65,6.35,2.22,9.33
Environmental Monitoring,Environmental Monitoring_Tool_28,8.37,6.79,6.04,4.96,8.33,4.96,6.04,1.87,7.6
Environmental Monitoring,Environmental Monitoring_Tool_29,8.39,7.12,5.9,5.1,3.4,5.1,5.9,1.56,8.48
Environmental Monitoring,Environmental Monitoring_Tool_30,7.63,8.06,6.3,4.7,7.22,4.7,6.3,2.14,9.01
Green Cloud Computing,Google Cloud AI,9.4,9,9.3,9.5,9.2,9,9.4,5,9.3
Green Cloud Computing,Microsoft Azure AI,9.3,8.9,9.1,9.4,9.1,8.9,9.2,5,9.2
Green Cloud Computing,Amazon Web Services (AWS) AI,9.4,9,9.2,9.5,9.3,8.8,9.3,5,9.4
Green Cloud Computing,IBM Cloud AI,9.2,8.8,9,9.2,9.1,8.7,9,5,9.1
Green Cloud Computing,Oracle Cloud AI,9.1,8.7,8.9,9.3,9,8.6,9.1,5,9
Green Cloud Computing,Alibaba Cloud AI,9,8.6,8.8,9.2,8.9,8.5,8.8,5,8.9
Green Cloud Computing,Green Cloud Computing_Tool_7,5.78,8.95,6.4,4.6,8.36,4.6,6.4,1.7,8.77
Green Cloud Computing,Green Cloud Computing_Tool_8,9.44,7.98,6.12,4.88,5.25,4.88,6.12,2.89,7.99
Green Cloud Computing,Green Cloud Computing_Tool_9,7.64,8.95,6.25,4.75,8.55,4.75,6.25,2.01,8.99
Green Cloud Computing,Green Cloud Computing_Tool_10,9.55,7.86,6.21,4.79,6.85,4.79,6.21,1.77,8.48
Green Cloud Computing,Green Cloud Computing_Tool_11,6.53,8.08,5.56,5.44,4.66,5.44,5.56,1.79,9.25
Green Cloud Computing,Green Cloud Computing_Tool_12,8.91,6.98,6.27,4.73,9.97,4.73,6.27,1.72,8.79
Green Cloud Computing,Green Cloud Computing_Tool_13,6.87,7.53,5.82,5.18,4.36,5.18,5.82,2.28,8.08
Green Cloud Computing,Green Cloud Computing_Tool_14,10,8.74,6.14,4.86,8.02,4.86,6.14,2,7
Green Cloud Computing,Green Cloud Computing_Tool_15,8.19,8.22,6.88,4.12,9.45,4.12,6.88,2.05,9.45
Green Cloud Computing,Green Cloud Computing_Tool_16,7.6,7.64,6,5,5.51,5,6,2.14,8.8
Green Cloud Computing,Green Cloud Computing_Tool_17,6.66,7.87,6.78,4.22,5.72,4.22,6.78,1.71,8.48
Green Cloud Computing,Green Cloud Computing_Tool_18,6.03,7.53,6.43,4.57,5.18,4.57,6.43,1.92,8.32
Green Cloud Computing,Green Cloud Computing_Tool_19,8.55,7.32,6.65,4.35,5.9,4.35,6.65,2.23,8.02
Green Cloud Computing,Green Cloud Computing_Tool_20,9.24,5.96,5.94,5.06,8.41,5.06,5.94,1.61,8.43
Green Cloud Computing,Green Cloud Computing_Tool_21,6.71,6.47,5.9,5.1,5.67,5.1,5.9,2.25,7.79
Green Cloud Computing,Green Cloud Computing_Tool_22,5.07,8.11,5.74,5.26,6.49,5.26,5.74,2.52,8.63
Green Cloud Computing,Green Cloud Computing_Tool_23,8.4,9.34,5.91,5.09,5.82,5.09,5.91,2.31,9.47
Green Cloud Computing,Green Cloud Computing_Tool_24,7.12,9.14,6.13,4.87,8.78,4.87,6.13,2.51,8.43
Green Cloud Computing,Green Cloud Computing_Tool_25,8.1,7.84,5.85,5.15,8.17,5.15,5.85,1.65,9.35
Green Cloud Computing,Green Cloud Computing_Tool_26,7.3,8,6.45,4.55,6.47,4.55,6.45,2.02,7.66
Green Cloud Computing,Green Cloud Computing_Tool_27,6.42,6.85,5.5,5.5,4.94,5.5,5.5,2.3,9.2
Green Cloud Computing,Green Cloud Computing_Tool_28,8.58,6.93,5.97,5.03,3.95,5.03,5.97,2.08,8.53
Green Cloud Computing,Green Cloud Computing_Tool_29,8.79,8.98,5.96,5.04,9.22,5.04,5.96,1.84,8.58
Green Cloud Computing,Green Cloud Computing_Tool_30,8.18,6.67,7.08,3.92,4.13,3.92,7.08,1.88,8.07
Sustainable IoT,AWS IoT Greengrass,8.8,8.5,9.3,9.1,9,8.4,9.2,5,9.3
Sustainable IoT,Microsoft Azure IoT,8.9,8.6,9.1,9.2,8.9,8.5,9.1,5,9.1
Sustainable IoT,Google Cloud IoT,9,8.7,9.2,9.1,9,8.6,9.3,5,9.2
Sustainable IoT,Siemens MindSphere,8.7,8.4,8.9,9,8.8,8.3,8.9,5,9
Sustainable IoT,Cisco IoT Control,8.6,8.3,8.8,8.9,8.7,8.2,8.8,5,8.8
Sustainable IoT,Particle IoT,8.5,8.2,8.7,8.8,8.6,8.1,8.7,5,8.7
Sustainable IoT,Sustainable IoT_Tool_7,5.78,7.34,6.11,4.89,3.47,4.89,6.11,1.56,8.65
Sustainable IoT,Sustainable IoT_Tool_8,8.12,6.55,5.99,5.01,5.7,5.01,5.99,2.21,7.86
Sustainable IoT,Sustainable IoT_Tool_9,7.9,6.54,6.87,4.13,7.52,4.13,6.87,2.18,8.25
Sustainable IoT,Sustainable IoT_Tool_10,7.78,5.59,6.17,4.83,6.67,4.83,6.17,1.83,7.86
Sustainable IoT,Sustainable IoT_Tool_11,6.69,7.7,6.26,4.74,9.89,4.74,6.26,2.01,9.64
Sustainable IoT,Sustainable IoT_Tool_12,7.68,7.03,6.29,4.71,4.84,4.71,6.29,1.99,8.47
Sustainable IoT,Sustainable IoT_Tool_13,5.99,5.71,5.86,5.14,8.44,5.14,5.86,1.91,10
Sustainable IoT,Sustainable IoT_Tool_14,7.44,7.45,6.43,4.57,4.04,4.57,6.43,2.31,9.09
Sustainable IoT,Sustainable IoT_Tool_15,8.08,8.7,6.27,4.73,8.77,4.73,6.27,2.07,8.55
Sustainable IoT,Sustainable IoT_Tool_16,7.13,7.28,6.38,4.62,6.62,4.62,6.38,2.62,8.02
Sustainable IoT,Sustainable IoT_Tool_17,8.13,6.46,6.37,4.63,9.51,4.63,6.37,2.15,9.06
Sustainable IoT,Sustainable IoT_Tool_18,7.55,9.14,5.81,5.19,7.72,5.19,5.81,2.08,8.25
Sustainable IoT,Sustainable IoT_Tool_19,7.06,6.8,6.1,4.9,6.51,4.9,6.1,2.14,8.61
Sustainable IoT,Sustainable IoT_Tool_20,5.7,6.19,5.96,5.04,9.64,5.04,5.96,1.86,8.55
Sustainable IoT,Sustainable IoT_Tool_21,5.36,6.11,6.57,4.43,9.11,4.43,6.57,1.81,8.82
Sustainable IoT,Sustainable IoT_Tool_22,5.96,7.22,6.49,4.51,5.84,4.51,6.49,1.78,8.88
Sustainable IoT,Sustainable IoT_Tool_23,6.74,5.8,5.45,5.55,7.89,5.55,5.45,2.08,9.27
Sustainable IoT,Sustainable IoT_Tool_24,7.22,8.08,6.17,4.83,9.59,4.83,6.17,1.85,8.3
Sustainable IoT,Sustainable IoT_Tool_25,8.03,7.38,6.15,4.85,5.39,4.85,6.15,1.93,9.36
Sustainable IoT,Sustainable IoT_Tool_26,9.42,6.66,6.58,4.42,5.79,4.42,6.58,1.7,8.89
Sustainable IoT,Sustainable IoT_Tool_27,5.95,5.26,5.87,5.13,8.49,5.13,5.87,2.21,7.49
Sustainable IoT,Sustainable IoT_Tool_28,8.56,8.3,6.06,4.94,9.77,4.94,6.06,2.74,8.58
Sustainable IoT,Sustainable IoT_Tool_29,6.78,7.22,5.52,5.48,5.38,5.48,5.52,1.92,8.73
Sustainable IoT,Sustainable IoT_Tool_30,6.98,6.15,5.8,5.2,9.42,5.2,5.8,2.14,8.62
Energy Management Systems,Schneider EcoStruxure,9.2,8.7,9.5,9.2,9.3,8.9,9.4,5,9.4
Energy Management Systems,Siemens Desigo CC,9,8.5,9.3,9.1,9.2,8.8,9.3,5,9.3
Energy Management Systems,Honeywell Forge,8.9,8.4,9.2,9,9.1,8.7,9.2,5,9.1
Energy Management Systems,Johnson Controls Metasys,8.8,8.3,9.1,8.9,9,8.6,9.1,5,9
Energy Management Systems,IBM Tririga,8.7,8.2,9,8.8,8.9,8.5,9,5,8.9
Energy Management Systems,GridPoint EMS,8.6,8.1,8.9,8.7,8.8,8.4,8.9,5,8.8
Energy Management Systems,Energy Management Systems_Tool_7,8.13,8.41,5.93,5.07,9.86,5.07,5.93,2.43,7.23
Energy Management Systems,Energy Management Systems_Tool_8,6.57,9.01,5.97,5.03,8.9,5.03,5.97,2.01,8.48
Energy Management Systems,Energy Management Systems_Tool_9,7.82,5.3,5.78,5.22,7.24,5.22,5.78,1.77,8.87
Energy Management Systems,Energy Management Systems_Tool_10,5.47,6.86,6.13,4.87,3.79,4.87,6.13,1.76,8.91
Energy Management Systems,Energy Management Systems_Tool_11,8.63,6.03,6.26,4.74,8.87,4.74,6.26,1.67,8.08
Energy Management Systems,Energy Management Systems_Tool_12,8.97,6.28,5.92,5.08,3.22,5.08,5.92,2.32,7.59
Energy Management Systems,Energy Management Systems_Tool_13,7.09,8.69,5.84,5.16,7.35,5.16,5.84,1.8,9.21
Energy Management Systems,Energy Management Systems_Tool_14,8.05,8.28,6.21,4.79,7.18,4.79,6.21,1.8,9.3
Energy Management Systems,Energy Management Systems_Tool_15,5,8.37,5.92,5.08,5.73,5.08,5.92,1.95,8.56
Energy Management Systems,Energy Management Systems_Tool_16,6.43,9.73,6.56,4.44,6.72,4.44,6.56,1.6,7.77
Energy Management Systems,Energy Management Systems_Tool_17,6.87,7.57,5.58,5.42,4.88,5.42,5.58,2.06,8.6
Energy Management Systems,Energy Management Systems_Tool_18,8,9.2,5.96,5.04,4.97,5.04,5.96,1.68,7.47
Energy Management Systems,Energy Management Systems_Tool_19,10,7.51,6.28,4.72,9.22,4.72,6.28,1.97,8.86
Energy Management Systems,Energy Management Systems_Tool_20,8.02,8.64,6.23,4.77,5.31,4.77,6.23,2.45,7.83
Energy Management Systems,Energy Management Systems_Tool_21,5.89,9.24,6.09,4.91,7.86,4.91,6.09,2.04,8.46
Energy Management Systems,Energy Management Systems_Tool_22,9.37,8.19,5.73,5.27,7.38,5.27,5.73,2.3,7
Energy Management Systems,Energy Management Systems_Tool_23,6.49,6.33,5.96,5.04,5.94,5.04,5.96,1.88,8.05
Energy Management Systems,Energy Management Systems_Tool_24,8.31,6.33,5.62,5.38,4.51,5.38,5.62,2.14,9.05
Energy Management Systems,Energy Management Systems_Tool_25,7.08,8.04,5.99,5.01,9.49,5.01,5.99,2.41,7.89
Energy Management Systems,Energy Management Systems_Tool_26,9.33,7.69,6.04,4.96,9.77,4.96,6.04,1.96,8.64
Energy Management Systems,Energy Management Systems_Tool_27,6.34,7.46,5.98,5.02,4.15,5.02,5.98,2.23,8.28
Energy Management Systems,Energy Management Systems_Tool_28,8.13,6.76,5.62,5.38,8.14,5.38,5.62,2.34,7.84
Energy Management Systems,Energy Management Systems_Tool_29,8.82,8.25,6.6,4.4,8.32,4.4,6.6,1.88,8.62
Energy Management Systems,Energy Management Systems_Tool_30,6.66,8.84,5.87,5.13,6.43,5.13,5.87,2.34,9.45
Resource Planning AI,SAP Integrated Business Planning,9.3,8.8,9,8.7,9.2,8.6,9.4,5,9.4
Resource Planning AI,Oracle Cloud SCM,9,8.6,9.1,8.5,9,8.5,9.3,5,9.2
Resource Planning AI,Microsoft Dynamics 365 SCM,8.8,8.5,9,8.4,8.9,8.4,9.2,5,9.1
Resource Planning AI,Kinaxis RapidResponse,9.1,8.9,8.9,8.6,9.1,8.5,9.2,5,9
Resource Planning AI,Infor Nexus,8.9,8.4,8.8,8.3,8.8,8.3,9.1,5,8.9
Resource Planning AI,Anaplan,8.7,8.7,8.7,8.4,8.7,8.2,9,5,8.8
Resource Planning AI,Resource Planning AI_Tool_7,5.4,6.04,5.78,5.22,4.15,5.22,5.78,2.82,7.84
Resource Planning AI,Resource Planning AI_Tool_8,7.08,7.88,5.71,5.29,5.62,5.29,5.71,1.53,7.21
Resource Planning AI,Resource Planning AI_Tool_9,6.46,6.61,5.95,5.05,5.65,5.05,5.95,2.29,9.9
Resource Planning AI,Resource Planning AI_Tool_10,7.64,7.44,6.08,4.92,9.9,4.92,6.08,1.68,8.85
Resource Planning AI,Resource Planning AI_Tool_11,6.09,6.69,6.33,4.67,5.68,4.67,6.33,1.92,8.14
Resource Planning AI,Resource Planning AI_Tool_12,8.48,6.85,5.71,5.29,6.93,5.29,5.71,2.77,9.75
Resource Planning AI,Resource Planning AI_Tool_13,10,6.6,6.17,4.83,3.06,4.83,6.17,1.81,8.99
Resource Planning AI,Resource Planning AI_Tool_14,5.51,8.36,6.04,4.96,9.83,4.96,6.04,1.64,8.02
Resource Planning AI,Resource Planning AI_Tool_15,6.87,8.1,5.68,5.32,4.41,5.32,5.68,2.26,7
Resource Planning AI,Resource Planning AI_Tool_16,7.07,5.03,6,5,8.4,5,6,2.48,8.49
Resource Planning AI,Resource Planning AI_Tool_17,8.57,7.82,6.06,4.94,9.39,4.94,6.06,1.83,7.92
Resource Planning AI,Resource Planning AI_Tool_18,6.52,9.94,5.63,5.37,6.06,5.37,5.63,1.58,8.28
Resource Planning AI,Resource Planning AI_Tool_19,6.61,5.6,6.31,4.69,3.79,4.69,6.31,1.95,7.67
Resource Planning AI,Resource Planning AI_Tool_20,6.28,9.35,6.24,4.76,3.72,4.76,6.24,1.51,8.72
Resource Planning AI,Resource Planning AI_Tool_21,8.55,9.41,6.09,4.91,8.8,4.91,6.09,1.78,7.64
Resource Planning AI,Resource Planning AI_Tool_22,10,8.66,6.19,4.81,6.07,4.81,6.19,2.15,8.28
Resource Planning AI,Resource Planning AI_Tool_23,8.81,9.02,6.18,4.82,3.9,4.82,6.18,2.96,9.05
Resource Planning AI,Resource Planning AI_Tool_24,5.54,5.89,6.79,4.21,8.18,4.21,6.79,1.99,9.04
Resource Planning AI,Resource Planning AI_Tool_25,8.51,6.09,5.56,5.44,7.46,5.44,5.56,1.82,9.18
Resource Planning AI,Resource Planning AI_Tool_26,7.55,8.44,5.87,5.13,8.82,5.13,5.87,1.76,7.78
Resource Planning AI,Resource Planning AI_Tool_27,8.39,8.61,6.03,4.97,3.44,4.97,6.03,2.54,8.09
Resource Planning AI,Resource Planning AI_Tool_28,8.13,9.51,6.14,4.86,8.35,4.86,6.14,1.92,9.02
Resource Planning AI,Resource Planning AI_Tool_29,7.67,5,5.72,5.28,6.25,5.28,5.72,1.83,7.46
Resource Planning AI,Resource Planning AI_Tool_30,8.57,8.24,5.96,5.04,9.89,5.04,5.96,2.17,8.37
Climate Modeling AI,Climate Modeling AI_Tool_1,8.01,5.95,6.04,4.96,3.79,4.96,6.04,1.87,8.58
Climate Modeling AI,IBM Climate Impact Modeling,9.4,8.7,8.9,8.2,8.8,8.4,9.1,5,9.3
Climate Modeling AI,Microsoft AI for Earth,9.2,8.8,8.7,8.5,8.9,8.6,9,5,9.2
Climate Modeling AI,Google Earth Engine,9.3,9.1,8.8,8.3,9.1,8.5,9.3,5,9.4
Climate Modeling AI,ClimateAI,9,8.6,8.6,8.2,8.7,8.3,8.9,5,9
Climate Modeling AI,Blue Sky Analytics,8.8,8.5,8.5,8,8.7,8.2,8.8,5,8.9
Climate Modeling AI,Netherlands eScience Center,9.1,8.7,8.8,8.4,9,8.5,9.1,5,9.1
Climate Modeling AI,Climate Modeling AI_Tool_8,7.98,5.65,5.82,5.18,8.37,5.18,5.82,1.82,10
Climate Modeling AI,Climate Modeling AI_Tool_9,5.4,8.14,6.1,4.9,8.28,4.9,6.1,1.71,8.5
Climate Modeling AI,Climate Modeling AI_Tool_10,6.67,7.88,5.83,5.17,8.79,5.17,5.83,2.46,10
Climate Modeling AI,Climate Modeling AI_Tool_11,8.87,7.54,5.83,5.17,8.18,5.17,5.83,2.47,9.29
Climate Modeling AI,Climate Modeling AI_Tool_12,7.29,7.12,5.7,5.3,6.63,5.3,5.7,2.3,8.52
Climate Modeling AI,Climate Modeling AI_Tool_13,6.16,7.2,6.08,4.92,5.62,4.92,6.08,1.79,8.11
Climate Modeling AI,Climate Modeling AI_Tool_14,6.74,6.82,6.26,4.74,8.05,4.74,6.26,1.99,7.68
Climate Modeling AI,Climate Modeling AI_Tool_15,7.23,7.48,6.01,4.99,7.46,4.99,6.01,1.92,7.8
Climate Modeling AI,Climate Modeling AI_Tool_16,5.75,5.1,5.61,5.39,5.21,5.39,5.61,2.37,8.28
Climate Modeling AI,Climate Modeling AI_Tool_17,5,10,5.91,5.09,9.12,5.09,5.91,1.85,9.13
Climate Modeling AI,Climate Modeling AI_Tool_18,5,6.15,5.49,5.51,4.14,5.51,5.49,1.98,8.33
Climate Modeling AI,Climate Modeling AI_Tool_19,5.52,6.12,5.72,5.28,8.21,5.28,5.72,2.04,8.46
Climate Modeling AI,Climate Modeling AI_Tool_20,8.76,5,6.47,4.53,3.2,4.53,6.47,2.3,7.74
Climate Modeling AI,Climate Modeling AI_Tool_21,7.05,5,5.57,5.43,3.74,5.43,5.57,2.01,9.35
Climate Modeling AI,Climate Modeling AI_Tool_22,8.77,6.66,5.74,5.26,9.47,5.26,5.74,1.73,9.38
Climate Modeling AI,Climate Modeling AI_Tool_23,7.35,8.39,6.01,4.99,5.28,4.99,6.01,1.77,8.08
Climate Modeling AI,Climate Modeling AI_Tool_24,7.08,6.85,5.82,5.18,4.28,5.18,5.82,2.02,9.05
Climate Modeling AI,Climate Modeling AI_Tool_25,5.94,8.75,6.03,4.97,5.57,4.97,6.03,2.54,8.24
Climate Modeling AI,Climate Modeling AI_Tool_26,6.06,8.58,6.35,4.65,9.64,4.65,6.35,2.21,9.02
Climate Modeling AI,Climate Modeling AI_Tool_27,7.27,7.85,6.42,4.58,7.02,4.58,6.42,1.97,7.62
Climate Modeling AI,Climate Modeling AI_Tool_28,8.22,6.8,6.32,4.68,6.48,4.68,6.32,2.73,7.54
Climate Modeling AI,Climate Modeling AI_Tool_29,7.84,7.88,5.43,5.57,8.33,5.57,5.43,2.26,7.61
Climate Modeling AI,Climate Modeling AI_Tool_30,8.3,6.34,6.25,4.75,3.85,4.75,6.25,1.9,7.86
Eco-Logistics AI,ClearMetal,9.1,8.9,8.7,8.5,9.2,8.3,8.9,5,9
Eco-Logistics AI,Project44,8.9,9,8.6,8.4,9.1,8.2,8.8,5,8.8
Eco-Logistics AI,Shipwell,9,8.8,8.5,8.3,8.9,8.3,8.7,5,8.9
Eco-Logistics AI,FourKites,9.2,9.1,8.9,8.6,9.3,8.4,9,5,9.1
Eco-Logistics AI,EcoTrack,8.7,8.5,8.4,8.3,8.8,8.1,8.6,5,8.8
Eco-Logistics AI,SmartWay,9,8.9,8.8,8.7,9.2,8.5,9.1,5,9
Eco-Logistics AI,Eco-Logistics AI_Tool_7,7.74,6.55,6.11,4.89,6.13,4.89,6.11,1.62,8.99
Eco-Logistics AI,Eco-Logistics AI_Tool_8,7.1,8.06,6,5,3.85,5,6,1.87,8.2
Eco-Logistics AI,Eco-Logistics AI_Tool_9,6.3,7.29,6.26,4.74,5.94,4.74,6.26,2.39,8.64
Eco-Logistics AI,Eco-Logistics AI_Tool_10,5.22,8.14,5.64,5.36,8.56,5.36,5.64,2.55,9.22
Eco-Logistics AI,Eco-Logistics AI_Tool_11,6.5,9.24,5.81,5.19,7.75,5.19,5.81,2.14,8.85
Eco-Logistics AI,Eco-Logistics AI_Tool_12,8.37,7.49,5.63,5.37,4.54,5.37,5.63,1.76,8.55
Eco-Logistics AI,Eco-Logistics AI_Tool_13,7.29,6.24,6.33,4.67,7.92,4.67,6.33,2.08,7.9
Eco-Logistics AI,Eco-Logistics AI_Tool_14,6.04,6.32,6.72,4.28,9.5,4.28,6.72,3.45,7.99
Eco-Logistics AI,Eco-Logistics AI_Tool_15,6.54,6.99,5.83,5.17,7.05,5.17,5.83,1.99,9.29
Eco-Logistics AI,Eco-Logistics AI_Tool_16,7.17,7.3,6.3,4.7,4.63,4.7,6.3,2.36,8.09
Eco-Logistics AI,Eco-Logistics AI_Tool_17,6.29,7.87,5.8,5.2,8.95,5.2,5.8,2.35,9.1
Eco-Logistics AI,Eco-Logistics AI_Tool_18,8.56,7.72,6.04,4.96,4.81,4.96,6.04,2.19,9.4
Eco-Logistics AI,Eco-Logistics AI_Tool_19,9.3,5.84,6.02,4.98,5.94,4.98,6.02,2.19,7.93
Eco-Logistics AI,Eco-Logistics AI_Tool_20,7.91,5.75,5.94,5.06,3.92,5.06,5.94,1.79,9.19
Eco-Logistics AI,Eco-Logistics AI_Tool_21,6.8,7.91,5.89,5.11,5.48,5.11,5.89,2.13,8.87
Eco-Logistics AI,Eco-Logistics AI_Tool_22,5.91,7.51,6.13,4.87,6.71,4.87,6.13,2.15,8.66
Eco-Logistics AI,Eco-Logistics AI_Tool_23,6.09,9.52,6.22,4.78,4.08,4.78,6.22,2.28,8.86
Eco-Logistics AI,Eco-Logistics AI_Tool_24,7.6,6.6,6.36,4.64,3.81,4.64,6.36,2.25,7.8
Eco-Logistics AI,Eco-Logistics AI_Tool_25,7.14,8.27,5.77,5.23,3.99,5.23,5.77,1.75,8.72
Eco-Logistics AI,Eco-Logistics AI_Tool_26,7.95,7.56,5.93,5.07,3.29,5.07,5.93,1.97,8.18
Eco-Logistics AI,Eco-Logistics AI_Tool_27,7.39,9.35,6.23,4.77,3.23,4.77,6.23,1.82,8.78
Eco-Logistics AI,Eco-Logistics AI_Tool_28,6.21,6.17,6.21,4.79,9.52,4.79,6.21,1.64,8.75
Eco-Logistics AI,Eco-Logistics AI_Tool_29,7.74,7.91,5.92,5.08,5.93,5.08,5.92,1.59,8.22
Eco-Logistics AI,Eco-Logistics AI_Tool_30,7.9,7.44,6.09,4.91,7.2,4.91,6.09,1.8,8.1
Green Manufacturing AI,Sight Machine,9.3,8.8,9,8.7,9.4,8.6,9.3,5,9.2
Green Manufacturing AI,Uptake,9.1,8.7,8.9,8.5,9.2,8.4,9,5,8.9
Green Manufacturing AI,Seebo,9,8.5,8.8,8.6,9.1,8.5,8.9,5,8.8
Green Manufacturing AI,SparkCognition,8.9,8.6,8.7,8.4,9,8.3,8.8,5,8.9
Green Manufacturing AI,Litmus Edge,8.8,8.5,8.6,8.5,8.9,8.4,8.7,5,8.7
Green Manufacturing AI,Plex Systems,9.2,8.9,8.9,8.8,9.3,8.7,9.2,5,9.1
Green Manufacturing AI,Green Manufacturing AI_Tool_7,7.03,7.89,6.38,4.62,4.6,4.62,6.38,1.93,8.52
Green Manufacturing AI,Green Manufacturing AI_Tool_8,6.5,8.2,5.95,5.05,5.77,5.05,5.95,1.81,9.24
Green Manufacturing AI,Green Manufacturing AI_Tool_9,6.81,9.16,6.52,4.48,3.36,4.48,6.52,2.18,7.79
Green Manufacturing AI,Green Manufacturing AI_Tool_10,7.96,8.27,6,5,7.63,5,6,2.27,8.47
Green Manufacturing AI,Green Manufacturing AI_Tool_11,6.81,8.23,5.69,5.31,8.66,5.31,5.69,1.81,9.06
Green Manufacturing AI,Green Manufacturing AI_Tool_12,7.56,8.36,6.2,4.8,9.85,4.8,6.2,1.98,9.16
Green Manufacturing AI,Green Manufacturing AI_Tool_13,7.6,8.78,6.03,4.97,7.05,4.97,6.03,1.7,8.27
Green Manufacturing AI,Green Manufacturing AI_Tool_14,8.79,7.84,5.55,5.45,9.37,5.45,5.55,3.24,10
Green Manufacturing AI,Green Manufacturing AI_Tool_15,7.09,7.63,6.13,4.87,4.48,4.87,6.13,1.69,9.05
Green Manufacturing AI,Green Manufacturing AI_Tool_16,6.64,8.41,6.14,4.86,8.12,4.86,6.14,2.15,8.32
Green Manufacturing AI,Green Manufacturing AI_Tool_17,8.4,5.43,6.03,4.97,5.65,4.97,6.03,1.79,8.23
Green Manufacturing AI,Green Manufacturing AI_Tool_18,7.57,8.93,5.83,5.17,4.12,5.17,5.83,2.08,7.64
Green Manufacturing AI,Green Manufacturing AI_Tool_19,8.47,5.84,5.61,5.39,3.19,5.39,5.61,1.88,9.29
Green Manufacturing AI,Green Manufacturing AI_Tool_20,8.4,5.56,5.87,5.13,5.28,5.13,5.87,2.43,8.46
Green Manufacturing AI,Green Manufacturing AI_Tool_21,6.68,7.46,6.03,4.97,5.99,4.97,6.03,1.88,9.18
Green Manufacturing AI,Green Manufacturing AI_Tool_22,8.04,7.16,6.39,4.61,7.78,4.61,6.39,1.78,7.63
Green Manufacturing AI,Green Manufacturing AI_Tool_23,7.98,7.23,6.01,4.99,8.97,4.99,6.01,1.98,9.28
Green Manufacturing AI,Green Manufacturing AI_Tool_24,6.7,7.83,5.82,5.18,3.6,5.18,5.82,2.22,9.25
Green Manufacturing AI,Green Manufacturing AI_Tool_25,7.74,9.4,6.51,4.49,8.61,4.49,6.51,1.7,7.96
Green Manufacturing AI,Green Manufacturing AI_Tool_26,5.29,6.92,5.92,5.08,6.9,5.08,5.92,1.97,8.1
Green Manufacturing AI,Green Manufacturing AI_Tool_27,9.26,5,6.29,4.71,8.47,4.71,6.29,1.93,7.33
Green Manufacturing AI,Green Manufacturing AI_Tool_28,6.9,8.82,6.11,4.89,7.6,4.89,6.11,2.03,8.68
Green Manufacturing AI,Green Manufacturing AI_Tool_29,7.99,5.99,6.8,4.2,8.99,4.2,6.8,1.83,7.82
Green Manufacturing AI,Green Manufacturing AI_Tool_30,7.23,5.11,5.97,5.03,5.03,5.03,5.97,1.84,7.84
Sustainable Agriculture AI,CropX,9,8.7,9.1,8.5,9.3,8.4,9.4,8.8,9.2
Sustainable Agriculture AI,Prospera,9.1,8.8,8.9,8.4,9.2,8.5,9,8.7,9
Sustainable Agriculture AI,Taranis,8.8,8.5,8.6,8.2,9,8.3,8.9,8.6,8.7
Sustainable Agriculture AI,AgroScout,9,8.7,8.7,8.4,9.1,8.4,9.1,8.8,9
Sustainable Agriculture AI,FarmWise,8.9,8.6,8.8,8.5,9,8.6,9,8.7,8.8
Sustainable Agriculture AI,Aerobotics,8.7,8.4,8.7,8.3,8.9,8.5,8.8,8.5,8.6
Sustainable Agriculture AI,Sustainable Agriculture AI_Tool_7,5.7,8.16,5.74,5.26,9.07,5.26,5.74,2.16,8.28
Sustainable Agriculture AI,Sustainable Agriculture AI_Tool_8,8.66,7.01,5.69,5.31,9.85,5.31,5.69,2.26,8.28
Sustainable Agriculture AI,Sustainable Agriculture AI_Tool_9,6.92,9.14,5.99,5.01,3.91,5.01,5.99,1.62,8.64
Sustainable Agriculture AI,Sustainable Agriculture AI_Tool_10,7.29,6.41,6.11,4.89,3.62,4.89,6.11,2.02,7.49
Sustainable Agriculture AI,Sustainable Agriculture AI_Tool_11,7.21,7.89,5.67,5.33,5.42,5.33,5.67,1.97,8.1
Sustainable Agriculture AI,Sustainable Agriculture AI_Tool_12,8.76,7.72,6.03,4.97,6.63,4.97,6.03,1.53,8.03
Sustainable Agriculture AI,Sustainable Agriculture AI_Tool_13,8.38,8.46,6.09,4.91,6.15,4.91,6.09,2.43,7.8
Sustainable Agriculture AI,Sustainable Agriculture AI_Tool_14,7.74,8.17,6.04,4.96,7.85,4.96,6.04,1.99,9.45
Sustainable Agriculture AI,Sustainable Agriculture AI_Tool_15,8.16,9.05,5.96,5.04,6.87,5.04,5.96,1.55,8.33
Sustainable Agriculture AI,Sustainable Agriculture AI_Tool_16,8.89,6.67,5.99,5.01,8.73,5.01,5.99,1.62,8.95
Sustainable Agriculture AI,Sustainable Agriculture AI_Tool_17,8.42,8.62,6.73,4.27,8.94,4.27,6.73,2.17,8.94
Sustainable Agriculture AI,Sustainable Agriculture AI_Tool_18,7.68,6.83,6.26,4.74,8.92,4.74,6.26,2,8.19
Sustainable Agriculture AI,Sustainable Agriculture AI_Tool_19,6.93,7.47,6.27,4.73,5.36,4.73,6.27,2.42,9.07
Sustainable Agriculture AI,Sustainable Agriculture AI_Tool_20,9.77,8.41,5.79,5.21,8.34,5.21,5.79,2.1,7.83
Sustainable Agriculture AI,Sustainable Agriculture AI_Tool_21,7.5,7.39,5.73,5.27,4.11,5.27,5.73,1.89,9.4
Sustainable Agriculture AI,Sustainable Agriculture AI_Tool_22,7.63,7.23,5.87,5.13,8.45,5.13,5.87,1.47,8.45
Sustainable Agriculture AI,Sustainable Agriculture AI_Tool_23,9.4,8.97,6.04,4.96,5.5,4.96,6.04,2.14,7
Sustainable Agriculture AI,Sustainable Agriculture AI_Tool_24,7.49,8.68,6.11,4.89,4.29,4.89,6.11,1.66,7.27
Sustainable Agriculture AI,Sustainable Agriculture AI_Tool_25,7.73,7.2,6.4,4.6,5.67,4.6,6.4,1.92,8.32
Sustainable Agriculture AI,Sustainable Agriculture AI_Tool_26,8.29,6.43,6.18,4.82,7.09,4.82,6.18,2.23,8.51
Sustainable Agriculture AI,Sustainable Agriculture AI_Tool_27,7.47,8.86,5.9,5.1,5.63,5.1,5.9,1.94,9.26
Sustainable Agriculture AI,Sustainable Agriculture AI_Tool_28,6.41,6.45,6.26,4.74,6.62,4.74,6.26,2.06,7.35
Sustainable Agriculture AI,Sustainable Agriculture AI_Tool_29,8.76,7.53,5.8,5.2,7.19,5.2,5.8,2.64,9.16
Sustainable Agriculture AI,Sustainable Agriculture AI_Tool_30,6.89,7.75,6.42,4.58,7.01,4.58,6.42,1.54,8.18
Water Management AI,Emagin,9.2,8.8,9,8.5,9.3,8.6,9.4,9.7,9.2
Water Management AI,Aquasight,9.1,8.7,8.9,8.4,9.2,8.5,9.3,9.6,9
Water Management AI,Fracta,8.9,8.5,8.8,8.3,9,8.4,9.1,9.5,8.8
Water Management AI,KETOS,9,8.6,8.9,8.4,9.1,8.6,9.2,9.7,9
Water Management AI,H2O.ai,8.7,8.3,8.7,8.2,8.9,8.3,9,9.3,8.7
Water Management AI,Watersignal,8.8,8.4,8.8,8.3,9,8.5,9.1,9.4,8.8
Water Management AI,Water Management AI_Tool_7,8.17,8.04,6,5,8.6,5,6,1.93,9.07
Water Management AI,Water Management AI_Tool_8,7.86,6.58,6.18,4.82,5.64,4.82,6.18,2.01,9.42
Water Management AI,Water Management AI_Tool_9,9.06,5.86,5.73,5.27,3.62,5.27,5.73,2.41,8.52
Water Management AI,Water Management AI_Tool_10,8.46,8.63,5.77,5.23,7.55,5.23,5.77,2.15,7.87
Water Management AI,Water Management AI_Tool_11,8.11,7.69,6.07,4.93,9.7,4.93,6.07,2.18,9.12
Water Management AI,Water Management AI_Tool_12,6.85,9.97,6.23,4.77,9.54,4.77,6.23,2.06,8.8
Water Management AI,Water Management AI_Tool_13,5.62,5.8,5.85,5.15,3.18,5.15,5.85,2.39,8.51
Water Management AI,Water Management AI_Tool_14,8.51,6.14,6.38,4.62,8.45,4.62,6.38,2.23,7.61
Water Management AI,Water Management AI_Tool_15,5,6.83,5.61,5.39,6.28,5.39,5.61,1.63,7.93
Water Management AI,Water Management AI_Tool_16,8.3,8.63,5.96,5.04,8.99,5.04,5.96,2.1,9.43
Water Management AI,Water Management AI_Tool_17,5.93,8.92,6.28,4.72,6.08,4.72,6.28,1.59,8.28
Water Management AI,Water Management AI_Tool_18,7.23,5,6.09,4.91,7.06,4.91,6.09,1.75,8.04
Water Management AI,Water Management AI_Tool_19,6.18,7.63,5.97,5.03,9.63,5.03,5.97,1.66,8.71
Water Management AI,Water Management AI_Tool_20,8.05,8.66,5.76,5.24,3.57,5.24,5.76,2.3,9.52
Water Management AI,Water Management AI_Tool_21,7.04,9.09,6.72,4.28,4.53,4.28,6.72,1.89,8.26
Water Management AI,Water Management AI_Tool_22,7.42,5.16,6.04,4.96,6.66,4.96,6.04,2.23,7
Water Management AI,Water Management AI_Tool_23,5.72,7.56,6.82,4.18,4.78,4.18,6.82,2.58,9.52
Water Management AI,Water Management AI_Tool_24,6.69,6.96,6.12,4.88,6.22,4.88,6.12,2.29,8.59
Water Management AI,Water Management AI_Tool_25,8.91,8.88,6.92,4.08,5.17,4.08,6.92,2.54,8.53
Water Management AI,Water Management AI_Tool_26,8.45,7.29,5.82,5.18,8.68,5.18,5.82,2.02,9.88
Water Management AI,Water Management AI_Tool_27,8.76,7.37,5.87,5.13,3.65,5.13,5.87,2.18,9.3
Water Management AI,Water Management AI_Tool_28,8.57,7.99,6.14,4.86,6.15,4.86,6.14,2.03,9.69
Water Management AI,Water Management AI_Tool_29,9.62,7.28,6.83,4.17,4.62,4.17,6.83,2.81,9.91
Water Management AI,Water Management AI_Tool_30,7.83,6.16,6.04,4.96,7.9,4.96,6.04,2.09,8.35
